drg,description,rw,wtlos,ot,rw0d,of
A090,ค่าสมมติ (ต้องยืนยันด้วย TDRG Seeker),0.38,2.96,9,0.133,
A091,ค่าสมมติ (ต้องยืนยันด้วย TDRG Seeker),0.4636,4.06,12,0.1623,
A092,ค่าสมมติ (ต้องยืนยันด้วย TDRG Seeker),0.589,5.16,15,0.2061,
A093,ค่าสมมติ (ต้องยืนยันด้วย TDRG Seeker),0.798,6.26,19,0.2793,
A410,ค่าสมมติ (ต้องยืนยันด้วย TDRG Seeker),1.55,5.3,16,0.5425,
A411,ค่าสมมติ (ต้องยืนยันด้วย TDRG Seeker),1.891,6.4,19,0.6618,
A412,ค่าสมมติ (ต้องยืนยันด้วย TDRG Seeker),2.4025,7.5,22,0.8409,
A413,ค่าสมมติ (ต้องยืนยันด้วย TDRG Seeker),3.255,8.6,26,1.1392,
A900,ค่าสมมติ (ต้องยืนยันด้วย TDRG Seeker),0.48,3.16,9,0.168,
A901,ค่าสมมติ (ต้องยืนยันด้วย TDRG Seeker),0.5856,4.26,13,0.205,
A902,ค่าสมมติ (ต้องยืนยันด้วย TDRG Seeker),0.744,5.36,16,0.2604,
A903,ค่าสมมติ (ต้องยืนยันด้วย TDRG Seeker),1.008,6.46,19,0.3528,
A910,ค่าสมมติ (ต้องยืนยันด้วย TDRG Seeker),0.72,3.64,11,0.252,
A911,ค่าสมมติ (ต้องยืนยันด้วย TDRG Seeker),0.8784,4.74,14,0.3074,
A912,ค่าสมมติ (ต้องยืนยันด้วย TDRG Seeker),1.116,5.84,18,0.3906,
A913,ค่าสมมติ (ต้องยืนยันด้วย TDRG Seeker),1.512,6.94,21,0.5292,
E110,ค่าสมมติ (ต้องยืนยันด้วย TDRG Seeker),0.58,3.52,11,0.203,
E111,ค่าสมมติ (ต้องยืนยันด้วย TDRG Seeker),0.7076,4.62,14,0.2477,
E112,ค่าสมมติ (ต้องยืนยันด้วย TDRG Seeker),0.899,5.72,17,0.3146,
E113,ค่าสมมติ (ต้องยืนยันด้วย TDRG Seeker),1.218,6.82,20,0.4263,
I500,ค่าสมมติ (ต้องยืนยันด้วย TDRG Seeker),1.08,4.36,13,0.378,
I501,ค่าสมมติ (ต้องยืนยันด้วย TDRG Seeker),1.3176,5.46,16,0.4612,
I502,ค่าสมมติ (ต้องยืนยันด้วย TDRG Seeker),1.674,6.56,20,0.5859,
I503,ค่าสมมติ (ต้องยืนยันด้วย TDRG Seeker),2.268,7.66,23,0.7938,
I630,ค่าสมมติ (ต้องยืนยันด้วย TDRG Seeker),1.25,4.7,14,0.4375,
I631,ค่าสมมติ (ต้องยืนยันด้วย TDRG Seeker),1.525,5.8,17,0.5337,
I632,ค่าสมมติ (ต้องยืนยันด้วย TDRG Seeker),1.9375,6.9,21,0.6781,
I633,ค่าสมมติ (ต้องยืนยันด้วย TDRG Seeker),2.625,8.0,24,0.9187,
J150,ค่าสมมติ (ต้องยืนยันด้วย TDRG Seeker),1.05,4.3,13,0.3675,
J151,ค่าสมมติ (ต้องยืนยันด้วย TDRG Seeker),1.281,5.4,16,0.4483,
J152,ค่าสมมติ (ต้องยืนยันด้วย TDRG Seeker),1.6275,6.5,20,0.5696,
J153,ค่าสมมติ (ต้องยืนยันด้วย TDRG Seeker),2.205,7.6,23,0.7717,
J180,ค่าสมมติ (ต้องยืนยันด้วย TDRG Seeker),0.85,3.9,12,0.2975,
J181,ค่าสมมติ (ต้องยืนยันด้วย TDRG Seeker),1.037,5.0,15,0.3629,
J182,ค่าสมมติ (ต้องยืนยันด้วย TDRG Seeker),1.3175,6.1,18,0.4611,
J183,ค่าสมมติ (ต้องยืนยันด้วย TDRG Seeker),1.785,7.2,22,0.6247,
J440,ค่าสมมติ (ต้องยืนยันด้วย TDRG Seeker),0.95,4.3,13,0.3325,
J441,ค่าสมมติ (ต้องยืนยันด้วย TDRG Seeker),1.159,5.4,16,0.4057,
J442,ค่าสมมติ (ต้องยืนยันด้วย TDRG Seeker),1.4725,6.5,20,0.5154,
J443,ค่าสมมติ (ต้องยืนยันด้วย TDRG Seeker),1.995,7.6,23,0.6983,
K250,ค่าสมมติ (ต้องยืนยันด้วย TDRG Seeker),1.12,4.44,13,0.392,
K251,ค่าสมมติ (ต้องยืนยันด้วย TDRG Seeker),1.3664,5.54,17,0.4782,
K252,ค่าสมมติ (ต้องยืนยันด้วย TDRG Seeker),1.736,6.64,20,0.6076,
K253,ค่าสมมติ (ต้องยืนยันด้วย TDRG Seeker),2.352,7.74,23,0.8232,
K25S0,ค่าสมมติ (ต้องยืนยันด้วย TDRG Seeker),2.576,4.44,13,0.9016,
K25S1,ค่าสมมติ (ต้องยืนยันด้วย TDRG Seeker),3.1427,5.54,17,1.0999,
K25S2,ค่าสมมติ (ต้องยืนยันด้วย TDRG Seeker),3.9928,6.64,20,1.3975,
K25S3,ค่าสมมติ (ต้องยืนยันด้วย TDRG Seeker),5.4096,7.74,23,1.8934,
K270,ค่าสมมติ (ต้องยืนยันด้วย TDRG Seeker),1.1,4.4,13,0.385,
K271,ค่าสมมติ (ต้องยืนยันด้วย TDRG Seeker),1.342,5.5,16,0.4697,
K272,ค่าสมมติ (ต้องยืนยันด้วย TDRG Seeker),1.705,6.6,20,0.5968,
K273,ค่าสมมติ (ต้องยืนยันด้วย TDRG Seeker),2.31,7.7,23,0.8085,
K27S0,ค่าสมมติ (ต้องยืนยันด้วย TDRG Seeker),2.53,4.4,13,0.8855,
K27S1,ค่าสมมติ (ต้องยืนยันด้วย TDRG Seeker),3.0866,5.5,16,1.0803,
K27S2,ค่าสมมติ (ต้องยืนยันด้วย TDRG Seeker),3.9215,6.6,20,1.3725,
K27S3,ค่าสมมติ (ต้องยืนยันด้วย TDRG Seeker),5.313,7.7,23,1.8595,
K350,ค่าสมมติ (ต้องยืนยันด้วย TDRG Seeker),1.02,4.24,13,0.357,
K351,ค่าสมมติ (ต้องยืนยันด้วย TDRG Seeker),1.2444,5.34,16,0.4355,
K352,ค่าสมมติ (ต้องยืนยันด้วย TDRG Seeker),1.581,6.44,19,0.5533,
K353,ค่าสมมติ (ต้องยืนยันด้วย TDRG Seeker),2.142,7.54,23,0.7497,
K35S0,ค่าสมมติ (ต้องยืนยันด้วย TDRG Seeker),2.346,4.24,13,0.8211,
K35S1,ค่าสมมติ (ต้องยืนยันด้วย TDRG Seeker),2.8621,5.34,16,1.0017,
K35S2,ค่าสมมติ (ต้องยืนยันด้วย TDRG Seeker),3.6363,6.44,19,1.2727,
K35S3,ค่าสมมติ (ต้องยืนยันด้วย TDRG Seeker),4.9266,7.54,23,1.7243,
K920,ค่าสมมติ (ต้องยืนยันด้วย TDRG Seeker),0.66,3.68,11,0.231,
K921,ค่าสมมติ (ต้องยืนยันด้วย TDRG Seeker),0.8052,4.78,14,0.2818,
K922,ค่าสมมติ (ต้องยืนยันด้วย TDRG Seeker),1.023,5.88,18,0.358,
K923,ค่าสมมติ (ต้องยืนยันด้วย TDRG Seeker),1.386,6.98,21,0.4851,
N100,ค่าสมมติ (ต้องยืนยันด้วย TDRG Seeker),0.68,3.56,11,0.238,
N101,ค่าสมมติ (ต้องยืนยันด้วย TDRG Seeker),0.8296,4.66,14,0.2904,
N102,ค่าสมมติ (ต้องยืนยันด้วย TDRG Seeker),1.054,5.76,17,0.3689,
N103,ค่าสมมติ (ต้องยืนยันด้วย TDRG Seeker),1.428,6.86,21,0.4998,
N390,ค่าสมมติ (ต้องยืนยันด้วย TDRG Seeker),0.55,3.3,10,0.1925,
N391,ค่าสมมติ (ต้องยืนยันด้วย TDRG Seeker),0.671,4.4,13,0.2349,
N392,ค่าสมมติ (ต้องยืนยันด้วย TDRG Seeker),0.8525,5.5,16,0.2984,
N393,ค่าสมมติ (ต้องยืนยันด้วย TDRG Seeker),1.155,6.6,20,0.4042,
O800,ค่าสมมติ (ต้องยืนยันด้วย TDRG Seeker),0.36,2.92,9,0.126,
O801,ค่าสมมติ (ต้องยืนยันด้วย TDRG Seeker),0.4392,4.02,12,0.1537,
O802,ค่าสมมติ (ต้องยืนยันด้วย TDRG Seeker),0.558,5.12,15,0.1953,
O803,ค่าสมมติ (ต้องยืนยันด้วย TDRG Seeker),0.756,6.22,19,0.2646,
R500,ค่าสมมติ (ต้องยืนยันด้วย TDRG Seeker),0.32,2.84,9,0.112,
R501,ค่าสมมติ (ต้องยืนยันด้วย TDRG Seeker),0.3904,3.94,12,0.1366,
R502,ค่าสมมติ (ต้องยืนยันด้วย TDRG Seeker),0.496,5.04,15,0.1736,
R503,ค่าสมมติ (ต้องยืนยันด้วย TDRG Seeker),0.672,6.14,18,0.2352,
S520,ค่าสมมติ (ต้องยืนยันด้วย TDRG Seeker),1.794,3.76,11,0.6279,
S521,ค่าสมมติ (ต้องยืนยันด้วย TDRG Seeker),2.1887,4.86,15,0.766,
S522,ค่าสมมติ (ต้องยืนยันด้วย TDRG Seeker),2.7807,5.96,18,0.9732,
S523,ค่าสมมติ (ต้องยืนยันด้วย TDRG Seeker),3.7674,7.06,21,1.3186,
S52S0,ค่าสมมติ (ต้องยืนยันด้วย TDRG Seeker),1.794,3.76,11,0.6279,
S52S1,ค่าสมมติ (ต้องยืนยันด้วย TDRG Seeker),2.1887,4.86,15,0.766,
S52S2,ค่าสมมติ (ต้องยืนยันด้วย TDRG Seeker),2.7807,5.96,18,0.9732,
S52S3,ค่าสมมติ (ต้องยืนยันด้วย TDRG Seeker),3.7674,7.06,21,1.3186,
